Currency,Time,Bid,Ask
EUR_USD,19:21:52,1.12053,1.12065
EUR_USD,19:21:53,1.12055,1.12067
EUR_USD,19:21:56,1.12059,1.12073
EUR_USD,19:21:57,1.12062,1.12074
EUR_USD,19:21:58,1.1206,1.12072
EUR_USD,19:21:58,1.12057,1.1207
EUR_USD,19:21:59,1.12055,1.12068
EUR_USD,19:22:00,1.12058,1.1207
EUR_USD,19:22:01,1.12055,1.12068
EUR_USD,19:22:02,1.12053,1.12065
EUR_USD,19:22:10,1.12051,1.12063
EUR_USD,19:22:10,1.12048,1.12061
EUR_USD,19:22:11,1.1205,1.12063
EUR_USD,19:22:13,1.12047,1.12062
EUR_USD,19:22:15,1.1205,1.12063
EUR_USD,19:22:19,1.12053,1.12064
EUR_USD,19:22:23,1.12049,1.12064
EUR_USD,19:22:31,1.12053,1.12064
EUR_USD,19:22:31,1.12055,1.12067
EUR_USD,19:22:35,1.12061,1.12077
EUR_USD,19:22:35,1.12065,1.12078
EUR_USD,19:22:36,1.12063,1.12075
EUR_USD,19:22:40,1.12065,1.12078
EUR_USD,19:22:50,1.12063,1.12075
EUR_USD,19:22:50,1.12064,1.12078
EUR_USD,19:22:51,1.12067,1.1208
EUR_USD,19:22:51,1.1207,1.12082
EUR_USD,19:22:53,1.12067,1.1208
EUR_USD,19:22:54,1.12062,1.12075
EUR_USD,19:22:54,1.12059,1.12072
EUR_USD,19:22:54,1.12062,1.12074
EUR_USD,19:23:00,1.12059,1.12072
EUR_USD,19:23:02,1.12056,1.12069
EUR_USD,19:23:07,1.12058,1.12072
EUR_USD,19:23:11,1.1206,1.12074
EUR_USD,19:23:13,1.12058,1.12071
EUR_USD,19:23:14,1.12056,1.12069
EUR_USD,19:23:24,1.12061,1.12073
EUR_USD,19:23:24,1.12063,1.12076
EUR_USD,19:23:30,1.12061,1.12073
EUR_USD,19:23:38,1.12057,1.12068
EUR_USD,19:23:41,1.12059,1.12071
EUR_USD,19:24:00,1.12058,1.12068
EUR_USD,19:24:00,1.1206,1.12071
EUR_USD,19:24:02,1.12058,1.12069
EUR_USD,19:24:10,1.1206,1.12072
EUR_USD,19:24:11,1.12061,1.12075
EUR_USD,19:24:11,1.12065,1.12076
EUR_USD,19:24:12,1.12065,1.12077
EUR_USD,19:24:13,1.12066,1.1208
EUR_USD,19:24:24,1.12069,1.12081
EUR_USD,19:24:31,1.12068,1.12078
EUR_USD,19:24:46,1.12063,1.12074
EUR_USD,19:24:49,1.12058,1.1207
EUR_USD,19:24:54,1.12051,1.12066
EUR_USD,19:24:55,1.1205,1.12062
EUR_USD,19:24:55,1.12046,1.12061
EUR_USD,19:24:58,1.1205,1.12063
EUR_USD,19:24:59,1.12053,1.12065
EUR_USD,19:25:00,1.12055,1.12068
EUR_USD,19:25:02,1.12058,1.12069
EUR_USD,19:25:06,1.12056,1.12067
EUR_USD,19:25:10,1.12052,1.12066
EUR_USD,19:25:17,1.12048,1.12061
EUR_USD,19:25:19,1.12047,1.12057
EUR_USD,19:25:27,1.12048,1.1206
EUR_USD,19:25:33,1.12051,1.12062
EUR_USD,19:25:39,1.12042,1.12058
EUR_USD,19:25:39,1.1204,1.12054
EUR_USD,19:25:45,1.12038,1.12052
EUR_USD,19:25:45,1.1204,1.12055
EUR_USD,19:25:49,1.12037,1.12053
EUR_USD,19:25:50,1.1204,1.12054
EUR_USD,19:25:53,1.12037,1.12053
EUR_USD,19:25:57,1.12041,1.12053
EUR_USD,19:26:01,1.12038,1.12052
EUR_USD,19:26:08,1.12041,1.12053
EUR_USD,19:26:09,1.12039,1.12051
EUR_USD,19:26:28,1.12039,1.12051
EUR_USD,19:26:28,1.12032,1.12044
EUR_USD,19:26:28,1.12029,1.12042
EUR_USD,19:26:29,1.12031,1.12044
EUR_USD,19:26:30,1.12029,1.12041
EUR_USD,19:26:35,1.12032,1.12044
EUR_USD,19:26:43,1.12028,1.12043
EUR_USD,19:27:00,1.12031,1.12044
EUR_USD,19:27:00,1.1203,1.12041
EUR_USD,19:27:42,1.12031,1.12044
EUR_USD,19:27:42,1.12034,1.12046
EUR_USD,19:27:50,1.12029,1.12042
EUR_USD,19:27:56,1.12031,1.12044
EUR_USD,19:27:59,1.12035,1.12046
EUR_USD,19:28:00,1.12032,1.12044
EUR_USD,19:28:02,1.12033,1.12047
EUR_USD,19:28:18,1.12036,1.12049
EUR_USD,19:28:22,1.12039,1.12051
EUR_USD,19:28:27,1.12041,1.12053
EUR_USD,19:28:27,1.12044,1.12056
EUR_USD,19:28:32,1.12047,1.12059
EUR_USD,19:28:32,1.1205,1.1206
EUR_USD,19:28:33,1.12052,1.12063
EUR_USD,19:28:44,1.1204,1.12055
EUR_USD,19:28:45,1.12044,1.12055
EUR_USD,19:28:45,1.12045,1.12059
EUR_USD,19:28:45,1.12045,1.12055
EUR_USD,19:28:50,1.12046,1.12058
EUR_USD,19:28:55,1.12048,1.1206
EUR_USD,19:29:01,1.12046,1.12058
EUR_USD,19:29:12,1.12038,1.12052
EUR_USD,19:29:19,1.12041,1.12053
EUR_USD,19:29:22,1.12039,1.12051
EUR_USD,19:29:24,1.12038,1.12048
EUR_USD,19:29:31,1.12039,1.12051
EUR_USD,19:29:40,1.12043,1.12056
EUR_USD,19:29:44,1.12046,1.12058
EUR_USD,19:29:46,1.12048,1.12061
EUR_USD,19:29:48,1.12042,1.12056
EUR_USD,19:29:50,1.12046,1.12057
EUR_USD,19:29:51,1.12043,1.12056
EUR_USD,19:29:59,1.12039,1.12051
EUR_USD,19:30:02,1.12041,1.12053
EUR_USD,19:30:11,1.12043,1.12056
EUR_USD,19:30:15,1.12038,1.12052
EUR_USD,19:30:16,1.12036,1.12049
EUR_USD,19:30:19,1.12033,1.12047
EUR_USD,19:30:23,1.12036,1.12049
EUR_USD,19:30:34,1.12041,1.12054
EUR_USD,19:30:40,1.12044,1.12056
EUR_USD,19:30:45,1.12046,1.12059
EUR_USD,19:30:58,1.12049,1.12061
EUR_USD,19:30:58,1.12051,1.12064
EUR_USD,19:31:00,1.12048,1.12062
EUR_USD,19:31:07,1.12046,1.12059
EUR_USD,19:31:08,1.12042,1.12053
EUR_USD,19:31:08,1.12038,1.12052
EUR_USD,19:31:08,1.12041,1.12053
EUR_USD,19:31:11,1.12039,1.12051
EUR_USD,19:31:11,1.1204,1.12054
EUR_USD,19:31:12,1.12039,1.12051
EUR_USD,19:31:13,1.12038,1.12048
EUR_USD,19:31:15,1.12035,1.12046
EUR_USD,19:31:15,1.12036,1.12049
EUR_USD,19:31:17,1.12035,1.12046
EUR_USD,19:31:21,1.12036,1.12049
EUR_USD,19:31:21,1.12033,1.12047
EUR_USD,19:31:24,1.1204,1.12054
EUR_USD,19:31:24,1.12046,1.12059
EUR_USD,19:31:25,1.12043,1.12057
EUR_USD,19:31:25,1.12041,1.12055
EUR_USD,19:31:29,1.12043,1.12057
EUR_USD,19:31:30,1.12042,1.12053
EUR_USD,19:31:42,1.12038,1.12052
EUR_USD,19:31:43,1.12041,1.12054
EUR_USD,19:31:48,1.12043,1.12056
EUR_USD,19:31:55,1.12038,1.12051
EUR_USD,19:32:00,1.1204,1.12053
EUR_USD,19:32:01,1.12043,1.12055
EUR_USD,19:32:05,1.12037,1.12051
EUR_USD,19:32:10,1.1204,1.12053
EUR_USD,19:32:11,1.12038,1.12051
EUR_USD,19:32:14,1.12032,1.12046
EUR_USD,19:32:29,1.12031,1.12043
EUR_USD,19:32:31,1.12028,1.12041
EUR_USD,19:32:35,1.12025,1.12039
EUR_USD,19:32:42,1.12021,1.12034
EUR_USD,19:32:43,1.12019,1.12031
EUR_USD,19:32:43,1.12021,1.12033
EUR_USD,19:32:50,1.12023,1.12036
EUR_USD,19:32:51,1.12021,1.12034
EUR_USD,19:32:54,1.12018,1.12031
EUR_USD,19:32:59,1.12016,1.12027
EUR_USD,19:32:59,1.12003,1.12021
EUR_USD,19:33:00,1.12005,1.12019
EUR_USD,19:33:00,1.1201,1.12024
EUR_USD,19:33:01,1.12012,1.12026
EUR_USD,19:33:01,1.12015,1.12027
EUR_USD,19:33:02,1.12018,1.1203
EUR_USD,19:33:04,1.12022,1.12036
EUR_USD,19:33:13,1.12025,1.12038
EUR_USD,19:33:19,1.12027,1.1204
EUR_USD,19:33:22,1.12032,1.12047
EUR_USD,19:33:24,1.1203,1.12044
EUR_USD,19:33:28,1.12033,1.12046
EUR_USD,19:34:02,1.12035,1.12049
EUR_USD,19:34:05,1.12033,1.12046
EUR_USD,19:34:14,1.12027,1.12041
EUR_USD,19:34:19,1.12025,1.12039
EUR_USD,19:34:20,1.12024,1.12036
EUR_USD,19:34:20,1.12025,1.12039
EUR_USD,19:34:22,1.12024,1.12036
EUR_USD,19:34:31,1.12021,1.12034
EUR_USD,19:34:32,1.12018,1.12032
EUR_USD,19:34:37,1.12015,1.12029
EUR_USD,19:34:39,1.12013,1.12026
EUR_USD,19:34:40,1.1201,1.12024
EUR_USD,19:34:43,1.12013,1.12025
EUR_USD,19:34:47,1.11999,1.12017
EUR_USD,19:34:52,1.12006,1.12021
EUR_USD,19:34:52,1.1201,1.12022
EUR_USD,19:34:53,1.12013,1.12025
EUR_USD,19:34:55,1.12015,1.12028
EUR_USD,19:34:59,1.12014,1.12025
EUR_USD,19:34:59,1.12015,1.12028
EUR_USD,19:35:00,1.12012,1.12026
EUR_USD,19:35:01,1.12015,1.12028
EUR_USD,19:35:04,1.12013,1.12025
EUR_USD,19:35:07,1.12011,1.12023
EUR_USD,19:35:17,1.12008,1.12021
EUR_USD,19:35:17,1.1201,1.12023
EUR_USD,19:35:18,1.12013,1.12026
EUR_USD,19:35:20,1.12016,1.12029
EUR_USD,19:35:47,1.12022,1.12034
EUR_USD,19:35:48,1.12026,1.12039
EUR_USD,19:35:53,1.12022,1.12034
EUR_USD,19:35:53,1.12018,1.12032
EUR_USD,19:35:54,1.12021,1.12033
EUR_USD,19:35:54,1.12018,1.12032
EUR_USD,19:36:00,1.12021,1.12034
EUR_USD,19:36:01,1.12023,1.12037
EUR_USD,19:36:01,1.12022,1.12034
EUR_USD,19:36:08,1.12019,1.12032
EUR_USD,19:36:10,1.12017,1.12028
EUR_USD,19:36:32,1.12021,1.12033
EUR_USD,19:36:43,1.12022,1.12038
EUR_USD,19:36:44,1.12022,1.12033
EUR_USD,19:36:44,1.12018,1.12031
EUR_USD,19:36:55,1.12015,1.12028
EUR_USD,19:36:59,1.12019,1.12033
EUR_USD,19:37:27,1.12021,1.12036
EUR_USD,19:37:28,1.1202,1.12032
EUR_USD,19:37:33,1.12021,1.12036
EUR_USD,19:37:43,1.12021,1.12032
EUR_USD,19:37:50,1.12023,1.12035
EUR_USD,19:37:50,1.12018,1.1203
EUR_USD,19:37:52,1.12015,1.12028
EUR_USD,19:37:53,1.12018,1.1203
EUR_USD,19:37:53,1.12018,1.1203
EUR_USD,19:37:59,1.1202,1.12032
EUR_USD,19:38:06,1.12023,1.12035
EUR_USD,19:38:17,1.12017,1.12031
EUR_USD,19:38:22,1.12019,1.12033
EUR_USD,19:38:26,1.12023,1.12034
EUR_USD,19:38:26,1.12018,1.1203
EUR_USD,19:38:28,1.1202,1.12032
EUR_USD,19:38:28,1.12022,1.12035
EUR_USD,19:38:30,1.12017,1.12031
EUR_USD,19:38:40,1.1202,1.12032
EUR_USD,19:38:46,1.12022,1.12035
EUR_USD,19:38:55,1.1202,1.12032
EUR_USD,19:38:56,1.12018,1.1203
EUR_USD,19:39:01,1.1202,1.12032
EUR_USD,19:39:13,1.12017,1.12031
EUR_USD,19:39:24,1.1202,1.12033
EUR_USD,19:39:33,1.12023,1.12035
EUR_USD,19:39:53,1.1202,1.12033
EUR_USD,19:39:58,1.12023,1.12035
EUR_USD,19:40:01,1.1202,1.12033
EUR_USD,19:40:07,1.12018,1.1203
EUR_USD,19:40:10,1.12015,1.12028
EUR_USD,19:40:12,1.12013,1.12025
EUR_USD,19:40:12,1.12015,1.12028
EUR_USD,19:40:13,1.12012,1.12025
EUR_USD,19:40:19,1.12015,1.12027
EUR_USD,19:40:20,1.12012,1.12026
EUR_USD,19:40:31,1.12013,1.12025
EUR_USD,19:40:35,1.12011,1.12023
EUR_USD,19:40:43,1.12013,1.12025
EUR_USD,19:40:43,1.12015,1.12028
EUR_USD,19:40:55,1.12017,1.1203
EUR_USD,19:40:58,1.12015,1.12027
EUR_USD,19:40:58,1.12013,1.12025
EUR_USD,19:40:59,1.12015,1.12027
EUR_USD,19:41:22,1.12012,1.12025
EUR_USD,19:41:39,1.12015,1.12028
EUR_USD,19:41:56,1.12013,1.12025
EUR_USD,19:41:57,1.12015,1.12027
EUR_USD,19:42:13,1.12018,1.1203
EUR_USD,19:42:18,1.12013,1.12025
EUR_USD,19:42:23,1.12015,1.12028
EUR_USD,19:42:32,1.12017,1.1203
EUR_USD,19:42:32,1.12015,1.12028
EUR_USD,19:42:38,1.12017,1.1203
EUR_USD,19:42:45,1.12014,1.12028
EUR_USD,19:42:45,1.12012,1.12024
EUR_USD,19:42:56,1.12014,1.12026
EUR_USD,19:42:58,1.12016,1.12029
EUR_USD,19:43:13,1.12019,1.12031
EUR_USD,19:43:17,1.12016,1.12029
EUR_USD,19:43:17,1.12014,1.12027
EUR_USD,19:43:19,1.12016,1.1203
EUR_USD,19:43:23,1.12019,1.12032
EUR_USD,19:43:26,1.12021,1.12035
EUR_USD,19:43:31,1.12019,1.12032
EUR_USD,19:43:43,1.12013,1.12028
EUR_USD,19:43:43,1.12011,1.12025
EUR_USD,19:43:44,1.12014,1.12027
EUR_USD,19:43:46,1.12019,1.12032
EUR_USD,19:43:46,1.12017,1.12029
EUR_USD,19:43:49,1.12019,1.12032
EUR_USD,19:43:54,1.12024,1.12037
EUR_USD,19:43:55,1.12022,1.12034
EUR_USD,19:44:01,1.12025,1.12037
EUR_USD,19:44:01,1.12022,1.12035
EUR_USD,19:44:02,1.12025,1.12036
EUR_USD,19:44:05,1.12027,1.12039
EUR_USD,19:44:16,1.12015,1.1203
EUR_USD,19:44:16,1.12012,1.12024
EUR_USD,19:44:25,1.12014,1.12026
EUR_USD,19:44:25,1.12012,1.12024
EUR_USD,19:44:55,1.12014,1.12026
EUR_USD,19:44:56,1.12012,1.12024
EUR_USD,19:45:04,1.12015,1.12026
EUR_USD,19:45:04,1.12012,1.12024
EUR_USD,19:45:10,1.12009,1.12021
EUR_USD,19:45:10,1.12011,1.12024
EUR_USD,19:45:20,1.12013,1.12027
EUR_USD,19:45:20,1.12012,1.12024
EUR_USD,19:45:27,1.12014,1.12026
EUR_USD,19:45:38,1.12016,1.12029
EUR_USD,19:45:41,1.12019,1.12031
EUR_USD,19:45:42,1.12021,1.12033
EUR_USD,19:45:49,1.12023,1.12036
EUR_USD,19:45:49,1.12025,1.12039
EUR_USD,19:45:53,1.12028,1.1204
EUR_USD,19:45:57,1.12026,1.12038
EUR_USD,19:46:07,1.12023,1.12036
EUR_USD,19:46:24,1.12021,1.12034
EUR_USD,19:46:39,1.12019,1.12031
EUR_USD,19:46:40,1.12021,1.12033
EUR_USD,19:46:44,1.12022,1.12034
EUR_USD,19:47:24,1.12016,1.1203
EUR_USD,19:47:24,1.12012,1.12025
EUR_USD,19:48:13,1.12007,1.12019
EUR_USD,19:48:22,1.1201,1.12022
EUR_USD,19:48:26,1.12008,1.12019
EUR_USD,19:48:29,1.12005,1.12017
EUR_USD,19:48:43,1.11989,1.12005
EUR_USD,19:48:43,1.11985,1.11998
EUR_USD,19:48:44,1.11988,1.12
EUR_USD,19:48:45,1.1199,1.12003
EUR_USD,19:48:55,1.11995,1.12008
EUR_USD,19:48:55,1.11993,1.12005
EUR_USD,19:48:56,1.11991,1.12003
EUR_USD,19:48:56,1.11987,1.12001
EUR_USD,19:48:59,1.11993,1.12006
EUR_USD,19:49:01,1.11987,1.12002
EUR_USD,19:49:01,1.11983,1.11997
EUR_USD,19:49:02,1.11986,1.11999
EUR_USD,19:49:17,1.11989,1.12001
EUR_USD,19:49:30,1.11992,1.12004
EUR_USD,19:49:37,1.11988,1.12002
EUR_USD,19:49:37,1.11984,1.11997
EUR_USD,19:49:39,1.11982,1.11994
EUR_USD,19:49:40,1.11979,1.11991
EUR_USD,19:49:52,1.11988,1.12002
EUR_USD,19:49:53,1.11991,1.12004
EUR_USD,19:49:53,1.11995,1.12009
EUR_USD,19:49:53,1.12005,1.12019
EUR_USD,19:49:53,1.12008,1.1202
EUR_USD,19:49:56,1.12001,1.12016
EUR_USD,19:49:56,1.12004,1.12017
EUR_USD,19:49:57,1.12002,1.12015
EUR_USD,19:49:57,1.12005,1.12016
EUR_USD,19:49:57,1.12007,1.12019
EUR_USD,19:49:58,1.1201,1.12021
EUR_USD,19:49:59,1.12007,1.1202
EUR_USD,19:50:00,1.12005,1.12017
EUR_USD,19:50:01,1.12007,1.12019
EUR_USD,19:50:03,1.12003,1.12019
EUR_USD,19:50:06,1.12002,1.12015
EUR_USD,19:50:07,1.11997,1.12011
EUR_USD,19:50:07,1.11994,1.12008
EUR_USD,19:50:08,1.11992,1.12004
EUR_USD,19:50:11,1.1199,1.12002
EUR_USD,19:50:12,1.11987,1.11999
EUR_USD,19:50:15,1.11984,1.11998
EUR_USD,19:50:18,1.11988,1.11998
EUR_USD,19:50:20,1.11985,1.11997
EUR_USD,19:50:22,1.11983,1.11994
EUR_USD,19:50:27,1.11985,1.11997
EUR_USD,19:50:27,1.11983,1.11994
EUR_USD,19:50:30,1.11985,1.11997
EUR_USD,19:50:32,1.11988,1.11999
EUR_USD,19:50:34,1.11989,1.12002
EUR_USD,19:50:35,1.11988,1.11999
EUR_USD,19:50:39,1.11984,1.11997
EUR_USD,19:50:49,1.11986,1.11999
EUR_USD,19:50:51,1.11989,1.12001
EUR_USD,19:50:53,1.11992,1.12003
EUR_USD,19:50:53,1.11989,1.12002
EUR_USD,19:51:00,1.11992,1.12003
EUR_USD,19:51:08,1.11995,1.12006
EUR_USD,19:51:08,1.11992,1.12004
EUR_USD,19:51:13,1.11992,1.12004
EUR_USD,19:51:32,1.11994,1.12006
EUR_USD,19:51:36,1.11996,1.12009
EUR_USD,19:51:36,1.11999,1.1201
EUR_USD,19:51:41,1.12001,1.12014
EUR_USD,19:51:43,1.12003,1.12016
EUR_USD,19:51:46,1.12005,1.12019
EUR_USD,19:51:46,1.12008,1.1202
EUR_USD,19:51:48,1.12006,1.12018
EUR_USD,19:52:00,1.12008,1.1202
EUR_USD,19:52:16,1.12011,1.12023
EUR_USD,19:52:16,1.12013,1.12025
EUR_USD,19:52:21,1.1201,1.12023
EUR_USD,19:52:23,1.12013,1.12025
EUR_USD,19:52:24,1.12015,1.12027
EUR_USD,19:52:28,1.12018,1.12029
EUR_USD,19:52:38,1.12015,1.12027
EUR_USD,19:52:40,1.12017,1.1203
EUR_USD,19:52:42,1.12015,1.12028
EUR_USD,19:53:15,1.12018,1.12029
EUR_USD,19:53:27,1.12019,1.12033
EUR_USD,19:53:38,1.12017,1.1203
EUR_USD,19:53:46,1.1202,1.12032
EUR_USD,19:53:51,1.12022,1.12035
EUR_USD,19:53:52,1.12019,1.12032
EUR_USD,19:53:52,1.12022,1.12034
EUR_USD,19:54:03,1.12025,1.12036
EUR_USD,19:54:05,1.12021,1.12036
EUR_USD,19:54:06,1.12021,1.12032
EUR_USD,19:54:15,1.12023,1.12034
EUR_USD,19:54:24,1.12024,1.12038
EUR_USD,19:54:25,1.12021,1.12035
EUR_USD,19:54:25,1.12021,1.12034
EUR_USD,19:54:26,1.12024,1.12035
EUR_USD,19:54:28,1.12026,1.12038
EUR_USD,19:54:30,1.12028,1.1204
EUR_USD,19:54:36,1.12026,1.12037
EUR_USD,19:54:37,1.12023,1.12035
EUR_USD,19:54:45,1.12025,1.12038
EUR_USD,19:55:02,1.12029,1.1204
EUR_USD,19:55:13,1.12031,1.12043
EUR_USD,19:55:17,1.12036,1.12047
EUR_USD,19:55:19,1.12034,1.12045
EUR_USD,19:55:21,1.12028,1.12041
EUR_USD,19:55:21,1.12026,1.12038
EUR_USD,19:55:21,1.12022,1.12037
EUR_USD,19:55:33,1.12026,1.12038
EUR_USD,19:55:44,1.12028,1.1204
EUR_USD,19:55:55,1.12024,1.12036
EUR_USD,19:55:56,1.12022,1.12033
EUR_USD,19:56:00,1.12019,1.12031
EUR_USD,19:56:01,1.12016,1.12028
EUR_USD,19:56:02,1.12012,1.12026
EUR_USD,19:56:03,1.12012,1.12022
EUR_USD,19:56:05,1.12006,1.12018
EUR_USD,19:56:11,1.12004,1.12016
EUR_USD,19:56:16,1.12005,1.1202
EUR_USD,19:56:22,1.12004,1.12015
EUR_USD,19:56:26,1.12005,1.12019
EUR_USD,19:56:31,1.1201,1.12023
EUR_USD,19:56:32,1.12013,1.12025
EUR_USD,19:56:42,1.12011,1.12023
EUR_USD,19:56:54,1.12013,1.12025
EUR_USD,19:56:54,1.12015,1.12029
EUR_USD,19:57:02,1.12013,1.12026
EUR_USD,19:57:04,1.12011,1.12024
EUR_USD,19:57:07,1.12013,1.12027
EUR_USD,19:57:08,1.12017,1.12029
EUR_USD,19:57:10,1.12014,1.12028
EUR_USD,19:57:11,1.12017,1.12029
EUR_USD,19:57:21,1.12017,1.12029
EUR_USD,19:57:27,1.1202,1.12032
EUR_USD,19:57:27,1.12022,1.12035
EUR_USD,19:57:30,1.12024,1.12037
EUR_USD,19:57:30,1.12026,1.1204
EUR_USD,19:57:33,1.12029,1.12042
EUR_USD,19:57:34,1.12031,1.12045
EUR_USD,19:57:43,1.12028,1.12042
EUR_USD,19:57:43,1.12025,1.1204
EUR_USD,19:57:57,1.12029,1.12042
EUR_USD,19:57:58,1.12026,1.1204
EUR_USD,19:58:04,1.1203,1.12042
EUR_USD,19:58:31,1.12032,1.12045
EUR_USD,19:58:33,1.12035,1.12047
EUR_USD,19:58:34,1.12033,1.12045
EUR_USD,19:58:34,1.12031,1.12043
EUR_USD,19:58:38,1.12027,1.12042
EUR_USD,19:58:39,1.1203,1.12043
EUR_USD,19:58:53,1.12033,1.12046
EUR_USD,19:59:04,1.12031,1.12043
EUR_USD,19:59:05,1.12032,1.12046
EUR_USD,19:59:06,1.12035,1.12047
EUR_USD,19:59:10,1.12038,1.1205
EUR_USD,19:59:11,1.12035,1.12048
EUR_USD,19:59:11,1.12032,1.12046
EUR_USD,19:59:13,1.12036,1.12047
EUR_USD,19:59:14,1.12038,1.1205
EUR_USD,19:59:23,1.1204,1.12052
EUR_USD,19:59:23,1.12039,1.12049
EUR_USD,19:59:25,1.12039,1.12053
EUR_USD,19:59:29,1.12037,1.1205
EUR_USD,19:59:33,1.12032,1.12046
EUR_USD,19:59:35,1.12035,1.12047
EUR_USD,19:59:36,1.12038,1.12049
EUR_USD,19:59:39,1.12039,1.12053
EUR_USD,19:59:40,1.12038,1.1205
EUR_USD,19:59:52,1.1204,1.12052
EUR_USD,19:59:53,1.12034,1.12049
EUR_USD,19:59:53,1.12032,1.12045
EUR_USD,19:59:57,1.12035,1.12047
EUR_USD,19:59:59,1.12038,1.12049
EUR_USD,20:00:02,1.12035,1.12048
EUR_USD,20:00:06,1.12037,1.1205
EUR_USD,20:00:07,1.12032,1.12046
EUR_USD,20:00:07,1.12034,1.12049
EUR_USD,20:00:11,1.12037,1.12051
EUR_USD,20:00:20,1.1204,1.12052
EUR_USD,20:00:23,1.12034,1.12049
EUR_USD,20:00:42,1.12037,1.12051
EUR_USD,20:00:50,1.12032,1.12045
EUR_USD,20:00:50,1.12035,1.12047
EUR_USD,20:00:53,1.12032,1.12045
EUR_USD,20:00:58,1.12034,1.12048
EUR_USD,20:01:04,1.12031,1.12045
EUR_USD,20:01:10,1.12033,1.12047
EUR_USD,20:01:18,1.12037,1.12048
EUR_USD,20:01:22,1.12035,1.12046
EUR_USD,20:01:24,1.12036,1.12049
EUR_USD,20:01:49,1.12034,1.12047
EUR_USD,20:01:51,1.12036,1.12049
EUR_USD,20:01:52,1.12034,1.12047
EUR_USD,20:01:54,1.12036,1.12049
EUR_USD,20:01:58,1.12033,1.12048
EUR_USD,20:02:10,1.12031,1.12044
EUR_USD,20:02:43,1.12033,1.12047
EUR_USD,20:03:02,1.1203,1.12046
EUR_USD,20:03:54,1.12036,1.12049
EUR_USD,20:04:25,1.1204,1.12049
EUR_USD,20:04:38,1.12035,1.12049
EUR_USD,20:04:45,1.12032,1.12046
EUR_USD,20:07:08,1.12034,1.12049
EUR_USD,20:07:34,1.12037,1.1205
EUR_USD,20:07:48,1.12039,1.12053
EUR_USD,20:07:50,1.12037,1.1205
EUR_USD,20:08:01,1.12039,1.12053
EUR_USD,20:08:11,1.12042,1.12054
EUR_USD,20:08:18,1.12039,1.12053
EUR_USD,20:08:48,1.12042,1.12054
EUR_USD,20:08:51,1.12039,1.12053
EUR_USD,20:09:28,1.12042,1.12054
EUR_USD,20:09:34,1.12046,1.1206
EUR_USD,20:09:34,1.12049,1.12061
EUR_USD,20:09:58,1.12051,1.12064
EUR_USD,20:10:00,1.12048,1.12062
EUR_USD,20:10:00,1.12043,1.12056
EUR_USD,20:10:32,1.12042,1.12053
EUR_USD,20:10:32,1.12038,1.12051
EUR_USD,20:11:29,1.1204,1.12054
EUR_USD,20:11:32,1.12038,1.12051
EUR_USD,20:12:18,1.1204,1.12053
EUR_USD,20:12:39,1.12042,1.12056
EUR_USD,20:14:34,1.12044,1.12059
EUR_USD,20:14:34,1.12047,1.12061
EUR_USD,20:14:35,1.12049,1.12064
EUR_USD,20:14:37,1.12048,1.12061
EUR_USD,20:14:50,1.12044,1.12059
EUR_USD,20:14:50,1.12042,1.12057
EUR_USD,20:15:06,1.12044,1.1206
EUR_USD,20:15:07,1.1204,1.12055
EUR_USD,20:15:09,1.12042,1.12057
EUR_USD,20:15:12,1.12039,1.12056
EUR_USD,20:16:53,1.12035,1.12048
EUR_USD,20:16:54,1.12037,1.1205
EUR_USD,20:16:55,1.12035,1.12048
EUR_USD,20:16:59,1.12032,1.12046
EUR_USD,20:17:05,1.12034,1.12049
EUR_USD,20:17:51,1.12036,1.12051
EUR_USD,20:19:15,1.12039,1.12053
EUR_USD,20:19:36,1.12037,1.12051
EUR_USD,20:21:10,1.12034,1.12048
EUR_USD,20:22:40,1.12037,1.12049
EUR_USD,20:23:37,1.12034,1.12047
EUR_USD,20:23:46,1.12031,1.12045
EUR_USD,20:26:42,1.12036,1.12049
EUR_USD,20:26:58,1.12034,1.12047
EUR_USD,20:27:13,1.12036,1.12049
EUR_USD,20:27:13,1.12037,1.12052
EUR_USD,20:27:17,1.12039,1.1205
EUR_USD,20:27:34,1.1204,1.12054
EUR_USD,20:27:57,1.12044,1.12055
EUR_USD,20:27:57,1.12044,1.12059
EUR_USD,20:28:04,1.12042,1.12057
EUR_USD,20:28:29,1.12045,1.12059
EUR_USD,20:28:39,1.12048,1.1206
EUR_USD,20:28:57,1.1205,1.12063
EUR_USD,20:29:32,1.12053,1.12065
EUR_USD,20:29:51,1.12055,1.12068
EUR_USD,20:29:58,1.12053,1.12065
EUR_USD,20:30:31,1.12055,1.12067
EUR_USD,20:30:46,1.12058,1.12069
EUR_USD,20:31:28,1.1206,1.12072
EUR_USD,20:31:38,1.1206,1.12076
EUR_USD,20:33:04,1.12059,1.12073
EUR_USD,20:33:13,1.12054,1.12069
EUR_USD,20:33:14,1.12052,1.12066
EUR_USD,20:33:25,1.12048,1.12061
EUR_USD,20:33:36,1.1205,1.12064
EUR_USD,20:33:37,1.12045,1.12059
EUR_USD,20:33:56,1.12043,1.12056
EUR_USD,20:34:06,1.12041,1.12054
EUR_USD,20:34:29,1.1203,1.12045
EUR_USD,20:34:33,1.12028,1.12043
EUR_USD,20:34:38,1.12024,1.12038
EUR_USD,20:34:39,1.12022,1.12035
EUR_USD,20:34:39,1.12019,1.12034
EUR_USD,20:35:05,1.12016,1.12031
EUR_USD,20:35:11,1.12015,1.12028
EUR_USD,20:35:16,1.12011,1.12028
EUR_USD,20:35:19,1.12014,1.12029
EUR_USD,20:35:49,1.12014,1.12028
EUR_USD,20:35:59,1.12018,1.12029
EUR_USD,20:36:03,1.12015,1.12028
EUR_USD,20:36:07,1.12018,1.12034
EUR_USD,20:36:08,1.12018,1.1203
EUR_USD,20:36:10,1.12012,1.12026
EUR_USD,20:36:10,1.12014,1.12029
EUR_USD,20:36:15,1.12017,1.1203
EUR_USD,20:36:16,1.12018,1.12034
EUR_USD,20:36:43,1.1202,1.12036
EUR_USD,20:36:48,1.12023,1.12038
EUR_USD,20:37:12,1.12026,1.12041
EUR_USD,20:37:13,1.1203,1.12048
EUR_USD,20:37:14,1.12033,1.12049
EUR_USD,20:37:18,1.12036,1.12051
EUR_USD,20:37:26,1.12037,1.12054
EUR_USD,20:37:37,1.12036,1.12051
EUR_USD,20:38:20,1.12034,1.12049
EUR_USD,20:38:20,1.12031,1.12047
EUR_USD,20:38:23,1.12029,1.12044
EUR_USD,20:38:43,1.12032,1.12046
EUR_USD,20:39:04,1.12029,1.12044
EUR_USD,20:39:06,1.1203,1.12047
EUR_USD,20:39:30,1.12027,1.12045
EUR_USD,20:39:37,1.1203,1.12047
EUR_USD,20:39:51,1.12033,1.12049
EUR_USD,20:39:52,1.12035,1.12053
EUR_USD,20:39:59,1.12038,1.12054
EUR_USD,20:39:59,1.12039,1.12057
EUR_USD,20:40:39,1.12038,1.12054
EUR_USD,20:40:43,1.12042,1.12059
EUR_USD,20:40:56,1.1204,1.12057
EUR_USD,20:41:07,1.12038,1.12055
EUR_USD,20:41:37,1.12036,1.12052
EUR_USD,20:42:12,1.12037,1.12055
EUR_USD,20:42:29,1.12035,1.12053
EUR_USD,20:42:45,1.12041,1.12057
EUR_USD,20:43:17,1.12046,1.12062
EUR_USD,20:43:53,1.12048,1.12065
EUR_USD,20:44:14,1.1205,1.12067
EUR_USD,20:44:15,1.12055,1.12072
EUR_USD,20:44:16,1.12052,1.12071
EUR_USD,20:44:27,1.12054,1.12073
EUR_USD,20:44:46,1.12057,1.12075
EUR_USD,20:44:52,1.12058,1.1207
EUR_USD,20:45:03,1.12057,1.12075
EUR_USD,20:45:03,1.12055,1.12073
EUR_USD,20:45:27,1.12055,1.12077
EUR_USD,20:45:38,1.12061,1.1208
EUR_USD,20:45:38,1.12064,1.12081
EUR_USD,20:45:53,1.12058,1.12083
EUR_USD,20:45:58,1.12056,1.12081
EUR_USD,20:45:58,1.12058,1.12084
EUR_USD,20:46:05,1.12055,1.12081
EUR_USD,20:46:05,1.12058,1.12084
EUR_USD,20:46:23,1.12062,1.12084
EUR_USD,20:46:59,1.12067,1.12088
EUR_USD,20:47:13,1.12064,1.12087
EUR_USD,20:47:54,1.12067,1.12088
EUR_USD,20:48:10,1.12064,1.12086
EUR_USD,20:48:35,1.12066,1.12089
EUR_USD,20:48:48,1.12068,1.12092
EUR_USD,20:49:25,1.12071,1.12094
EUR_USD,20:49:42,1.12074,1.12095
EUR_USD,20:49:49,1.12071,1.12094
EUR_USD,20:50:06,1.12072,1.12088
EUR_USD,20:50:10,1.12067,1.12089
EUR_USD,20:50:13,1.12062,1.12088
EUR_USD,20:50:13,1.12067,1.12088
EUR_USD,20:50:18,1.12065,1.12085
EUR_USD,20:50:18,1.12063,1.12082
EUR_USD,20:50:28,1.12064,1.12086
EUR_USD,20:50:30,1.12064,1.12082
EUR_USD,20:50:32,1.12062,1.1208
EUR_USD,20:50:35,1.12063,1.12083
EUR_USD,20:50:59,1.12066,1.12086
EUR_USD,20:51:44,1.12063,1.12084
EUR_USD,20:51:45,1.12066,1.12086
EUR_USD,20:51:46,1.12062,1.12084
EUR_USD,20:51:55,1.12064,1.12086
EUR_USD,20:52:28,1.12068,1.12087
EUR_USD,20:52:31,1.12065,1.12085
EUR_USD,20:53:12,1.12064,1.12081
EUR_USD,20:53:16,1.12065,1.12085
EUR_USD,20:53:40,1.12062,1.12083
EUR_USD,20:53:40,1.12064,1.12086
EUR_USD,20:53:48,1.12066,1.12089
EUR_USD,20:53:53,1.12065,1.12086
EUR_USD,20:54:00,1.12062,1.12083
EUR_USD,20:54:21,1.12061,1.12084
EUR_USD,20:54:22,1.1206,1.12081
EUR_USD,20:54:30,1.12063,1.12084
EUR_USD,20:54:51,1.12062,1.12085
EUR_USD,20:54:52,1.12058,1.12083
EUR_USD,20:54:53,1.12052,1.1208
EUR_USD,20:55:24,1.12061,1.12076
EUR_USD,20:55:35,1.12062,1.12079
EUR_USD,20:55:36,1.12061,1.1209
EUR_USD,20:55:49,1.12063,1.12083
EUR_USD,20:55:50,1.12066,1.12084
EUR_USD,20:55:51,1.12063,1.12082
EUR_USD,20:56:17,1.12061,1.12079
EUR_USD,20:56:50,1.12064,1.12081
EUR_USD,20:56:54,1.12065,1.12085
EUR_USD,20:57:06,1.12062,1.12083
EUR_USD,20:57:17,1.12059,1.12081
EUR_USD,20:57:19,1.12061,1.12085
EUR_USD,20:57:28,1.12064,1.12086
EUR_USD,20:58:00,1.12066,1.12089
EUR_USD,20:58:02,1.12068,1.12092
EUR_USD,20:58:04,1.12059,1.12092
EUR_USD,20:58:08,1.12062,1.12085
EUR_USD,20:58:08,1.12066,1.12085
EUR_USD,20:58:10,1.1206,1.12086
EUR_USD,20:58:13,1.12058,1.12084
EUR_USD,20:58:17,1.1206,1.12087
EUR_USD,20:58:19,1.12058,1.12084
EUR_USD,20:58:30,1.12058,1.12089
EUR_USD,20:59:15,1.1206,1.12092
EUR_USD,20:59:36,1.12027,1.12108
EUR_USD,20:59:58,1.12027,1.12108
